Designator,Footprint,Quantity,Value,LCSC Part #
D1,D_SOD-323F,1,1N5819,C191023
D2,0603,1,SYSTEM_LED,C2290
D3,0603,1,CHARGE_LED,C2286
D4,D_SOD-523,1,ESD5Z5V0,C727161
F1,0805,1,SMD0805-050-16V,C2833485
FB1,0805,1,GZ2012D601TF,C1017
J5,HRS_FH34SRJ-30S-0.5SH(50),1,FH34SRJ-30S-0.5SH(50),C324727
P1,USB_C_Receptacle_Palconn_UTC16-G_3D,1,USB_C_Plug_USB2.0,C709357
"Q1, Q2",SOT-23,2,AO3407,C351408
R1,0603,1,100K,C25803
R2,0402,1,5.1K,C25905
R3,0402,1,5.1K,C25905
R4,0402,1,1K,C11702
R5,0402,1,5.1K,C25905
R6,0603,1,1M,C22935
R7,0603,1,2M,C22976
R8,0402,1,1K,C11702
R9,0603,1,2M,C22976
U1,E73-2G4M08S1C-52840,1,E73-2G4M08S1C,
U2,SOT-23-5,1,XC6220,C86534
U3,SOT-23-5,1,TP4054,C32574
U4,USON-10_2.5x1.0mm_P0.5mm,1,TPD4E05U06DQAR,C138714
X1,Crystal_SMD_3215-2Pin_3.2x1.5mm,1,32768kHz,C32346
